Feature,Mean_SHAP,Std_SHAP,Max_SHAP,Min_SHAP
errorBalanceOrig,0.4076792190975832,0.1761899544158177,0.5558377438434997,0.13872103617541406
orig_depleted,0.20204176273415492,0.23400788972750103,0.6502993274836398,0.034389043294574165
amount,0.001088897814327694,0.001519317671196094,0.005424343351851222,0.0
errorBalanceDest,0.0005419384270899751,0.0009201914978542205,0.004964224933390528,0.0
orig_balance_ratio,0.00043569760042052523,0.00079554070370343,0.005219747709762782,0.0
amount_to_avg_ratio,0.00036308863881730934,0.0006587552370451305,0.004361005555007735,0.0
totalBalanceError,0.0003589674155111274,0.0007568975834708324,0.005024368007234597,0.0
oldbalanceOrg,0.00030553363085873415,0.0006957272934165765,0.00536301882501089,0.0
step,0.00020301498535244222,0.0005219603019486364,0.004724437734035081,0.0
dest_balance_ratio,0.0002024548072366373,0.0005636209466950657,0.005520618397336129,0.0
oldbalanceDest,0.00019398954924269913,0.0005702376981468298,0.004471626185652814,0.0
is_high_value,0.00019167265459422837,0.0005021524926526989,0.0033427981725641246,0.0
type_CASH_IN,0.00018614183850875849,0.0005413314150624438,0.0046404780177752665,0.0
is_night,0.00018315245308783901,0.00048065668607241566,0.0039712749128504735,0.0
max_amount,0.00018233860406598174,0.0004362504334039858,0.0034215304960317702,0.0
day_of_simulation,0.00017803807530195536,0.0005204840549420094,0.005386730770308457,0.0
avg_amount,0.00017642083907895104,0.0005059566000537082,0.00588699600570286,0.0
orig_zero_balance,0.00017083313230425564,0.0004523872987042216,0.004347445283614326,0.0
hour_of_day,0.0001655939923729977,0.0004389923494885861,0.005292659695397939,0.0
amount_to_total_ratio,0.00016462592004254029,0.0005308764247882892,0.006432615268726183,0.0
amount_to_orig_balance,0.00016457718439398362,0.0004211299245209987,0.0039440831291428875,0.0
is_peak_hour,0.00016418029029013884,0.00046735816347147905,0.0033231993920421754,0.0
dest_zero_balance,0.00016303566912686485,0.00047298589744843586,0.003803524973965522,0.0
newbalanceOrig,0.00016111300222101824,0.0006112563134608265,0.007662583326814354,0.0
type_CASH_OUT,0.0001610556520851767,0.00045309106660468875,0.0045889158097944804,0.0
type_TRANSFER,0.00015935571674484554,0.00045203790002231863,0.0035818041039193593,0.0
risk_score,0.00015778085755854053,0.00042642366261894923,0.004889857815272697,0.0
total_amount,0.00014804806395039147,0.0003686786450473207,0.0029690028883002577,0.0
type_PAYMENT,0.00014609953591828407,0.00042759072957691114,0.004214945737180388,0.0
newbalanceDest,0.00014581052862081532,0.00038926197573420097,0.003563794945210086,0.0
min_amount,0.00014393430418910895,0.0004549147365785603,0.005300960476247999,0.0
hasBalanceError,0.00013857824387084397,0.0003865238889432448,0.004408456776428047,0.0
trans_count,0.0,0.0,0.0,0.0
std_amount,0.0,0.0,0.0,0.0
is_amount_outlier,0.0,0.0,0.0,0.0
deviation_from_avg,0.0,0.0,0.0,0.0
account_age_steps,0.0,0.0,0.0,0.0
type_DEBIT,0.0,0.0,0.0,0.0
is_new_customer,0.0,0.0,0.0,0.0
trans_per_day,0.0,0.0,0.0,0.0
time_since_last,0.0,0.0,0.0,0.0
is_rapid_transaction,0.0,0.0,0.0,0.0
